ip地址,国家
194.228.13.32,捷克
94.74.229.90,捷克
185.86.96.7,捷克
185.86.96.7,捷克
185.86.96.7,捷克
81.24.108.199,荷兰
81.24.108.199,荷兰
77.236.206.219,捷克
79.98.72.155,捷克
81.24.108.199,荷兰
213.226.214.61,捷克
213.226.214.61,捷克
178.21.189.20,捷克
178.21.189.20,捷克
178.21.189.20,捷克
31.31.228.46,捷克
31.31.228.46,捷克
31.31.228.46,捷克
31.31.228.46,捷克
213.235.68.93,捷克
213.168.177.56,捷克
213.235.68.93,捷克
94.74.229.90,捷克
94.74.229.90,捷克
94.74.229.90,捷克
84.242.112.187,捷克
185.21.163.152,捷克
46.135.94.138,捷克
46.135.94.138,捷克
46.13.35.158,捷克
194.228.59.190,捷克
194.228.59.190,捷克
94.230.146.248,捷克
37.221.253.56,捷克
94.229.89.37,捷克
94.229.89.37,捷克
212.211.173.201,德国
109.81.211.53,捷克
91.202.46.18,俄罗斯
109.81.211.53,捷克
37.221.253.56,捷克
37.221.253.56,捷克
37.221.253.56,捷克
109.81.181.189,捷克
213.168.181.197,捷克
213.168.181.197,捷克
213.168.181.197,捷克
213.168.181.197,捷克
213.168.181.197,捷克
86.49.245.240,捷克
194.228.32.69,捷克
109.81.181.189,捷克
109.81.181.189,捷克
109.81.181.189,捷克
109.81.181.189,捷克
37.188.230.249,捷克
88.100.36.250,捷克
213.168.179.106,捷克
62.245.113.149,捷克
62.245.113.149,捷克
178.255.168.140,捷克
90.178.73.68,捷克
46.23.50.15,捷克
93.190.63.54,捷克
37.188.141.56,捷克
31.30.61.45,捷克
188.175.216.41,捷克
194.228.13.32,捷克
77.236.206.219,捷克
79.98.72.155,捷克
213.168.177.56,捷克
94.230.146.248,捷克
91.202.46.18,俄罗斯
86.49.245.240,捷克
194.228.32.69,捷克
37.188.230.249,捷克
88.100.36.250,捷克
213.168.179.106,捷克
93.190.63.54,捷克
37.188.141.56,捷克
94.74.229.90,捷克
185.86.96.7,捷克
185.86.96.7,捷克
185.86.96.7,捷克
81.24.108.199,荷兰
81.24.108.199,荷兰
81.24.108.199,荷兰
213.226.214.61,捷克
213.226.214.61,捷克
178.21.189.20,捷克
178.21.189.20,捷克
178.21.189.20,捷克
31.31.228.46,捷克
31.31.228.46,捷克
31.31.228.46,捷克
31.31.228.46,捷克
213.235.68.93,捷克
213.235.68.93,捷克
94.74.229.90,捷克
94.74.229.90,捷克
94.74.229.90,捷克
84.242.112.187,捷克
185.21.163.152,捷克
46.135.94.138,捷克
46.135.94.138,捷克
46.13.35.158,捷克
194.228.59.190,捷克
194.228.59.190,捷克
37.221.253.56,捷克
94.229.89.37,捷克
94.229.89.37,捷克
212.211.173.201,德国
109.81.211.53,捷克
109.81.211.53,捷克
37.221.253.56,捷克
37.221.253.56,捷克
37.221.253.56,捷克
80.188.96.250,捷克
213.168.181.197,捷克
213.168.181.197,捷克
109.81.181.189,捷克
213.168.181.197,捷克
213.168.181.197,捷克
213.168.181.197,捷克
109.81.181.189,捷克
109.81.181.189,捷克
109.81.181.189,捷克
109.81.181.189,捷克
62.245.113.149,捷克
62.245.113.149,捷克
178.255.168.140,捷克
90.178.73.68,捷克
46.23.50.15,捷克
31.30.61.45,捷克
188.175.216.41,捷克
,
